"Label","prompt","src","response","text","remove"
"Black","Alternative medicine is now embracing the curative powers of _.","json-against-humanity/src/Base",NA,"Alternative medicine is now embracing the curative powers of _.",FALSE
"White",NA,"json-against-humanity/src/Base","Active listening.","Active listening.",FALSE
"White",NA,"json-against-humanity/src/Base","Dental dams.","Dental dams.",FALSE
"White",NA,"json-against-humanity/src/Base","Serfdom.","Serfdom.",FALSE
"White",NA,"json-against-humanity/src/Base","Passing a kidney stone.","Passing a kidney stone.",FALSE
"White",NA,"json-against-humanity/src/Base","Sniffing glue.","Sniffing glue.",FALSE
"Black","This is the way the world ends /   This is the way the world ends /   Not with a bang but with _.","json-against-humanity/src/Base",NA,"This is the way the world ends /   This is the way the world ends /   Not with a bang but with _.",FALSE
"White",NA,"json-against-humanity/src/Base","Being marginalized.","Being marginalized.",FALSE
"Black","What will I bring back in time to convince people that I am a powerful wizard?","json-against-humanity/src/Base",NA,"What will I bring back in time to convince people that I am a powerful wizard?",FALSE
"Black","What's my secret power?","json-against-humanity/src/Base",NA,"What's my secret power?",FALSE
"White",NA,"json-against-humanity/src/Base","Hot PocketsÂ®.","Hot PocketsÂ®.",FALSE
"White",NA,"json-against-humanity/src/Base","The Amish.","The Amish.",FALSE
"White",NA,"json-against-humanity/src/Base","Riding off into the sunset.","Riding off into the sunset.",FALSE
"White",NA,"json-against-humanity/src/Base","Battlefield amputations.","Battlefield amputations.",FALSE
"White",NA,"json-against-humanity/src/Base","Vigilante justice.","Vigilante justice.",FALSE
"White",NA,"json-against-humanity/src/Base","The milk man.","The milk man.",FALSE
"White",NA,"json-against-humanity/src/Base","Darth Vader.","Darth Vader.",FALSE
"Black","It's a pity that kids these days are all getting involved with _.","json-against-humanity/src/Base",NA,"It's a pity that kids these days are all getting involved with _.",FALSE
"Black","Maybe she's born with it. Maybe it's _.","json-against-humanity/src/Base",NA,"Maybe she's born with it. Maybe it's _.",FALSE
"White",NA,"json-against-humanity/src/Base","Ghosts.","Ghosts.",FALSE
"White",NA,"json-against-humanity/src/Base","Science.","Science.",FALSE
"White",NA,"json-against-humanity/src/Base","The penny whistle solo from ""My Heart Will Go On.""","The penny whistle solo from ""My Heart Will Go On.""",FALSE
"White",NA,"json-against-humanity/src/Base","That thing that electrocutes your abs.","That thing that electrocutes your abs.",FALSE
"White",NA,"json-against-humanity/src/Base","Land mines.","Land mines.",FALSE
"White",NA,"json-against-humanity/src/Base","Capturing Newt Gingrich and forcing him to dance in a monkey suit.","Capturing Newt Gingrich and forcing him to dance in a monkey suit.",FALSE
"White",NA,"json-against-humanity/src/Base","A Bop Itâ„¢.","A Bop Itâ„¢.",FALSE
"White",NA,"json-against-humanity/src/Base","One trillion dollars.","One trillion dollars.",FALSE
"White",NA,"json-against-humanity/src/Base","Stormtroopers.","Stormtroopers.",FALSE
"White",NA,"json-against-humanity/src/Base","The chronic.","The chronic.",FALSE
"Black","Studies show that lab rats navigate mazes 50% faster after being exposed to _.","json-against-humanity/src/Base",NA,"Studies show that lab rats navigate mazes 50% faster after being exposed to _.",FALSE
"White",NA,"json-against-humanity/src/Base","Making a pouty face.","Making a pouty face.",FALSE
"White",NA,"json-against-humanity/src/Base","My inner demons.","My inner demons.",FALSE
"White",NA,"json-against-humanity/src/Base","Ronald Reagan.","Ronald Reagan.",FALSE
"Black","What is Batman's guilty pleasure?","json-against-humanity/src/Base",NA,"What is Batman's guilty pleasure?",FALSE
"White",NA,"json-against-humanity/src/Base","A tiny horse.","A tiny horse.",FALSE
"Black","_. It's a trap!","json-against-humanity/src/Base",NA,"_. It's a trap!",FALSE
"White",NA,"json-against-humanity/src/Base","Laying an egg.","Laying an egg.",FALSE
"White",NA,"json-against-humanity/src/Base","Lady Gaga.","Lady Gaga.",FALSE
"White",NA,"json-against-humanity/src/Base","Bill Nye the Science Guy.","Bill Nye the Science Guy.",FALSE
"White",NA,"json-against-humanity/src/Base","Doing the right thing.","Doing the right thing.",FALSE
"White",NA,"json-against-humanity/src/Base","A gassy antelope.","A gassy antelope.",FALSE
"White",NA,"json-against-humanity/src/Base","A mopey zoo lion.","A mopey zoo lion.",FALSE
"White",NA,"json-against-humanity/src/Base","Aaron Burr.","Aaron Burr.",FALSE
"White",NA,"json-against-humanity/src/Base","A subscription to Men's Fitness.","A subscription to Men's Fitness.",FALSE
"White",NA,"json-against-humanity/src/Base","Switching to GeicoÂ®.","Switching to GeicoÂ®.",FALSE
"White",NA,"json-against-humanity/src/Base","Altar boys.","Altar boys.",FALSE
"White",NA,"json-against-humanity/src/Base","Silence.","Silence.",FALSE
"White",NA,"json-against-humanity/src/Base","A disappointing birthday party.","A disappointing birthday party.",FALSE
"Black","_: kid-tested, mother-approved.","json-against-humanity/src/Base",NA,"_: kid-tested, mother-approved.",FALSE
"White",NA,"json-against-humanity/src/Base","BATMAN!!!","BATMAN!!!",FALSE
"White",NA,"json-against-humanity/src/Base","The folly of man.","The folly of man.",FALSE
"White",NA,"json-against-humanity/src/Base","Her Majesty, Queen Elizabeth II.","Her Majesty, Queen Elizabeth II.",FALSE
"White",NA,"json-against-humanity/src/Base","John Wilkes Booth.","John Wilkes Booth.",FALSE
"White",NA,"json-against-humanity/src/Base","Bling.","Bling.",FALSE
"White",NA,"json-against-humanity/src/Base","The Boy Scouts of America.","The Boy Scouts of America.",FALSE
"White",NA,"json-against-humanity/src/Base","The Make-A-WishÂ® Foundation.","The Make-A-WishÂ® Foundation.",FALSE
"White",NA,"json-against-humanity/src/Base","Soup that is too hot.","Soup that is too hot.",FALSE
"White",NA,"json-against-humanity/src/Base","Geese.","Geese.",FALSE
"White",NA,"json-against-humanity/src/Base","Justin Bieber.","Justin Bieber.",FALSE
"White",NA,"json-against-humanity/src/Base","The heart of a child.","The heart of a child.",FALSE
"White",NA,"json-against-humanity/src/Base","A murder most foul.","A murder most foul.",FALSE
"White",NA,"json-against-humanity/src/Base","Self-loathing.","Self-loathing.",FALSE
"White",NA,"json-against-humanity/src/Base","The invisible hand.","The invisible hand.",FALSE
"Black","What's that smell?","json-against-humanity/src/Base",NA,"What's that smell?",FALSE
"White",NA,"json-against-humanity/src/Base","Christopher Walken.","Christopher Walken.",FALSE
"Black","What's the most emo?","json-against-humanity/src/Base",NA,"What's the most emo?",FALSE
"White",NA,"json-against-humanity/src/Base","Destroying the evidence.","Destroying the evidence.",FALSE
"White",NA,"json-against-humanity/src/Base","Flightless birds.","Flightless birds.",FALSE
"White",NA,"json-against-humanity/src/Base","Exactly what you'd expect.","Exactly what you'd expect.",FALSE
"White",NA,"json-against-humanity/src/Base","Lockjaw.","Lockjaw.",FALSE
"Black","Instead of coal, Santa now gives the bad children _.","json-against-humanity/src/Base",NA,"Instead of coal, Santa now gives the bad children _.",FALSE
"White",NA,"json-against-humanity/src/Base","Scrubbing under the folds.","Scrubbing under the folds.",FALSE
"White",NA,"json-against-humanity/src/Base","Sweet, sweet vengeance.","Sweet, sweet vengeance.",FALSE
"White",NA,"json-against-humanity/src/Base","Horrifying laser hair removal accidents.","Horrifying laser hair removal accidents.",FALSE
"White",NA,"json-against-humanity/src/Base","Friction.","Friction.",FALSE
"White",NA,"json-against-humanity/src/Base","A bag of magic beans.","A bag of magic beans.",FALSE
"Black","What did I bring back from Mexico?","json-against-humanity/src/Base",NA,"What did I bring back from Mexico?",FALSE
"White",NA,"json-against-humanity/src/Base","The Hamburglar.","The Hamburglar.",FALSE
"Black","Lifetime® presents _, the story of _.","json-against-humanity/src/Base",NA,"Lifetime® presents _, the story of _.",FALSE
"White",NA,"json-against-humanity/src/Base","Amputees.","Amputees.",FALSE
"White",NA,"json-against-humanity/src/Base","White privilege.","White privilege.",FALSE
"Black","Next from J.K. Rowling: Harry Potter and the Chamber of _.","json-against-humanity/src/Base",NA,"Next from J.K. Rowling: Harry Potter and the Chamber of _.",FALSE
"Black","What are my parents hiding from me?","json-against-humanity/src/Base",NA,"What are my parents hiding from me?",FALSE
"White",NA,"json-against-humanity/src/Base","Grave robbing.","Grave robbing.",FALSE
"White",NA,"json-against-humanity/src/Base","All-you-can-eat shrimp for $4.99.","All-you-can-eat shrimp for $4.99.",FALSE
"White",NA,"json-against-humanity/src/Base","An Oedipus complex.","An Oedipus complex.",FALSE
"Black","That's right, I killed _. How, you ask? _.","json-against-humanity/src/Base",NA,"That's right, I killed _. How, you ask? _.",FALSE
"White",NA,"json-against-humanity/src/Base","The Tempur-PedicÂ® Swedish Sleep Systemâ„¢.","The Tempur-PedicÂ® Swedish Sleep Systemâ„¢.",FALSE
"White",NA,"json-against-humanity/src/Base","Domino'sâ„¢ Oreoâ„¢ Dessert Pizza.","Domino'sâ„¢ Oreoâ„¢ Dessert Pizza.",FALSE
"White",NA,"json-against-humanity/src/Base","A hot mess.","A hot mess.",FALSE
"White",NA,"json-against-humanity/src/Base","Chainsaws for hands.","Chainsaws for hands.",FALSE
"White",NA,"json-against-humanity/src/Base","The glass ceiling.","The glass ceiling.",FALSE
"White",NA,"json-against-humanity/src/Base","A lifetime of sadness.","A lifetime of sadness.",FALSE
"White",NA,"json-against-humanity/src/Base","A death ray.","A death ray.",FALSE
"White",NA,"json-against-humanity/src/Base","The Great Depression.","The Great Depression.",FALSE
"White",NA,"json-against-humanity/src/Base","Teaching a robot to love.","Teaching a robot to love.",FALSE
"White",NA,"json-against-humanity/src/Base","Getting really high.","Getting really high.",FALSE
"Black","In L.A. County Jail, word is you can trade 200 cigarettes for _.","json-against-humanity/src/Base",NA,"In L.A. County Jail, word is you can trade 200 cigarettes for _.",FALSE
"White",NA,"json-against-humanity/src/Base","Raptor attacks.","Raptor attacks.",FALSE
"White",NA,"json-against-humanity/src/Base","An ugly face.","An ugly face.",FALSE
"White",NA,"json-against-humanity/src/Base","Shaquille O'Neal's acting career.","Shaquille O'Neal's acting career.",FALSE
"White",NA,"json-against-humanity/src/Base","Explosions.","Explosions.",FALSE
"White",NA,"json-against-humanity/src/Base","Being on fire.","Being on fire.",FALSE
"White",NA,"json-against-humanity/src/Base","A brain tumor.","A brain tumor.",FALSE
"White",NA,"json-against-humanity/src/Base","The taint; the grundle; the fleshy fun-bridge.","The taint; the grundle; the fleshy fun-bridge.",FALSE
"White",NA,"json-against-humanity/src/Base","Oompa-Loompas.","Oompa-Loompas.",FALSE
"White",NA,"json-against-humanity/src/Base","Natural selection.","Natural selection.",FALSE
"White",NA,"json-against-humanity/src/Base","Men.","Men.",FALSE
"White",NA,"json-against-humanity/src/Base","GoGurtÂ®.","GoGurtÂ®.",FALSE
"White",NA,"json-against-humanity/src/Base","Five-Dollar Footlongsâ„¢.","Five-Dollar Footlongsâ„¢.",FALSE
"White",NA,"json-against-humanity/src/Base","The Care Bear Stare.","The Care Bear Stare.",FALSE
"White",NA,"json-against-humanity/src/Base","Attitude.","Attitude.",FALSE
"White",NA,"json-against-humanity/src/Base","Pulling out.","Pulling out.",FALSE
"White",NA,"json-against-humanity/src/Base","Morgan Freeman's voice.","Morgan Freeman's voice.",FALSE
"White",NA,"json-against-humanity/src/Base","Gandhi.","Gandhi.",FALSE
"White",NA,"json-against-humanity/src/Base","The inevitable heat death of the universe.","The inevitable heat death of the universe.",FALSE
"White",NA,"json-against-humanity/src/Base","The Pope.","The Pope.",FALSE
"White",NA,"json-against-humanity/src/Base","Autocannibalism.","Autocannibalism.",FALSE
"Black","Make a haiku.","json-against-humanity/src/Base",NA,"Make a haiku.",FALSE
"White",NA,"json-against-humanity/src/Base","The violation of our most basic human rights.","The violation of our most basic human rights.",FALSE
"White",NA,"json-against-humanity/src/Base","Eating the last known bison.","Eating the last known bison.",FALSE
"Black","During his childhood, Salvador Dalí produced hundreds of paintings of _.","json-against-humanity/src/Base",NA,"During his childhood, Salvador Dalí produced hundreds of paintings of _.",FALSE
"White",NA,"json-against-humanity/src/Base","Heartwarming orphans.","Heartwarming orphans.",FALSE
"White",NA,"json-against-humanity/src/Base","A really cool hat.","A really cool hat.",FALSE
"White",NA,"json-against-humanity/src/Base","Judge Judy.","Judge Judy.",FALSE
"White",NA,"json-against-humanity/src/Base","Count Chocula.","Count Chocula.",FALSE
"Black","How am I maintaining my relationship status?","json-against-humanity/src/Base",NA,"How am I maintaining my relationship status?",FALSE
"White",NA,"json-against-humanity/src/Base","Prancing.","Prancing.",FALSE
"Black","War!  What is it good for?","json-against-humanity/src/Base",NA,"War!  What is it good for?",FALSE
"White",NA,"json-against-humanity/src/Base","Passive-agression.","Passive-agression.",FALSE
"White",NA,"json-against-humanity/src/Base","The Big Bang.","The Big Bang.",FALSE
"White",NA,"json-against-humanity/src/Base","Stranger danger.","Stranger danger.",FALSE
"White",NA,"json-against-humanity/src/Base","The Ãœbermensch.","The Ãœbermensch.",FALSE
"White",NA,"json-against-humanity/src/Base","The Rapture.","The Rapture.",FALSE
"White",NA,"json-against-humanity/src/Base","A live studio audience.","A live studio audience.",FALSE
"White",NA,"json-against-humanity/src/Base","A cooler full of organs.","A cooler full of organs.",FALSE
"White",NA,"json-against-humanity/src/Base","Scalping.","Scalping.",FALSE
"Black","_ + _ = _.","json-against-humanity/src/Base",NA,"_ + _ = _.",FALSE
"White",NA,"json-against-humanity/src/Base","Poor life choices.","Poor life choices.",FALSE
"White",NA,"json-against-humanity/src/Base","Horse meat.","Horse meat.",FALSE
"White",NA,"json-against-humanity/src/Base","Scientology.","Scientology.",FALSE
"White",NA,"json-against-humanity/src/Base","Catapults.","Catapults.",FALSE
"White",NA,"json-against-humanity/src/Base","An uppercut.","An uppercut.",FALSE
"Black","But before I kill you, Mr. Bond, I must show you _.","json-against-humanity/src/Base",NA,"But before I kill you, Mr. Bond, I must show you _.",FALSE
"White",NA,"json-against-humanity/src/Base","Flesh-eating bacteria.","Flesh-eating bacteria.",FALSE
"White",NA,"json-against-humanity/src/Base","New Age music.","New Age music.",FALSE
"Black","Why can't I sleep at night?","json-against-humanity/src/Base",NA,"Why can't I sleep at night?",FALSE
"White",NA,"json-against-humanity/src/Base","My relationship status.","My relationship status.",FALSE
"Black","When I was tripping on acid, _ turned into _.","json-against-humanity/src/Base",NA,"When I was tripping on acid, _ turned into _.",FALSE
"White",NA,"json-against-humanity/src/Base","Cuddling.","Cuddling.",FALSE
"White",NA,"json-against-humanity/src/Base","Centaurs.","Centaurs.",FALSE
"White",NA,"json-against-humanity/src/Base","Object permanence.","Object permanence.",FALSE
"White",NA,"json-against-humanity/src/Base","A sea of troubles.","A sea of troubles.",FALSE
"White",NA,"json-against-humanity/src/Base","Leaving an awkward voicemail.","Leaving an awkward voicemail.",FALSE
"White",NA,"json-against-humanity/src/Base","Genghis Khan.","Genghis Khan.",FALSE
"Black","I'm sorry, Professor, but I couldn't complete my homework because of _.","json-against-humanity/src/Base",NA,"I'm sorry, Professor, but I couldn't complete my homework because of _.",FALSE
"Black","BILLY MAYS HERE FOR _.","json-against-humanity/src/Base",NA,"BILLY MAYS HERE FOR _.",FALSE
"White",NA,"json-against-humanity/src/Base","Cybernetic enhancements.","Cybernetic enhancements.",FALSE
"Black","What am I giving up for Lent?","json-against-humanity/src/Base",NA,"What am I giving up for Lent?",FALSE
"White",NA,"json-against-humanity/src/Base","Nickelback.","Nickelback.",FALSE
"White",NA,"json-against-humanity/src/Base","Adderallâ„¢.","Adderallâ„¢.",FALSE
"White",NA,"json-against-humanity/src/Base","Pabst Blue Ribbon.","Pabst Blue Ribbon.",FALSE
"White",NA,"json-against-humanity/src/Base","Overcompensation.","Overcompensation.",FALSE
"White",NA,"json-against-humanity/src/Base","Sharing needles.","Sharing needles.",FALSE
"White",NA,"json-against-humanity/src/Base","The token minority.","The token minority.",FALSE
"White",NA,"json-against-humanity/src/Base","Fear itself.","Fear itself.",FALSE
"White",NA,"json-against-humanity/src/Base","A thermonuclear detonation.","A thermonuclear detonation.",FALSE
"White",NA,"json-against-humanity/src/Base","Nicolas Cage.","Nicolas Cage.",FALSE
"White",NA,"json-against-humanity/src/Base","The South.","The South.",FALSE
"White",NA,"json-against-humanity/src/Base","Old-people smell.","Old-people smell.",FALSE
"White",NA,"json-against-humanity/src/Base","Nazis.","Nazis.",FALSE
"White",NA,"json-against-humanity/src/Base","Child beauty pageants.","Child beauty pageants.",FALSE
"White",NA,"json-against-humanity/src/Base","A salty surprise.","A salty surprise.",FALSE
"Black","_. High five, bro.","json-against-humanity/src/Base",NA,"_. High five, bro.",FALSE
"White",NA,"json-against-humanity/src/Base","Racially-biased SAT questions.","Racially-biased SAT questions.",FALSE
"White",NA,"json-against-humanity/src/Base","A good sniff.","A good sniff.",FALSE
"Black","In 1,000 years, when paper money is a distant memory, how will we pay for goods and services?","json-against-humanity/src/Base",NA,"In 1,000 years, when paper money is a distant memory, how will we pay for goods and services?",FALSE
"Black","_. That's how I want to die.","json-against-humanity/src/Base",NA,"_. That's how I want to die.",FALSE
"Black","What's the next superhero/sidekick duo?","json-against-humanity/src/Base",NA,"What's the next superhero/sidekick duo?",FALSE
"White",NA,"json-against-humanity/src/Base","The Devil himself.","The Devil himself.",FALSE
"White",NA,"json-against-humanity/src/Base","A foul mouth.","A foul mouth.",FALSE
"Black","TSA guidelines now prohibit _ on airplanes.","json-against-humanity/src/Base",NA,"TSA guidelines now prohibit _ on airplanes.",FALSE
"White",NA,"json-against-humanity/src/Base","Puppies!","Puppies!",FALSE
"White",NA,"json-against-humanity/src/Base","A zesty breakfast burrito.","A zesty breakfast burrito.",FALSE
"White",NA,"json-against-humanity/src/Base","Hulk Hogan.","Hulk Hogan.",FALSE
"White",NA,"json-against-humanity/src/Base","Free samples.","Free samples.",FALSE
"Black","I got 99 problems but _ ain't one.","json-against-humanity/src/Base",NA,"I got 99 problems but _ ain't one.",FALSE
"White",NA,"json-against-humanity/src/Base","The American Dream.","The American Dream.",FALSE
"White",NA,"json-against-humanity/src/Base","Pretending to care.","Pretending to care.",FALSE
"Black","What gets better with age?","json-against-humanity/src/Base",NA,"What gets better with age?",FALSE
"White",NA,"json-against-humanity/src/Base","Fancy FeastÂ®.","Fancy FeastÂ®.",FALSE
"White",NA,"json-against-humanity/src/Base","Tom Cruise.","Tom Cruise.",FALSE
"Black","Here is the church Here is the steeple Open the doors And there is _.","json-against-humanity/src/Base",NA,"Here is the church Here is the steeple Open the doors And there is _.",FALSE
"White",NA,"json-against-humanity/src/Base","The Kool-Aid Man.","The Kool-Aid Man.",FALSE
"White",NA,"json-against-humanity/src/Base","William Shatner.","William Shatner.",FALSE
"White",NA,"json-against-humanity/src/Base","Funky fresh rhymes.","Funky fresh rhymes.",FALSE
"Black","What's that sound?","json-against-humanity/src/Base",NA,"What's that sound?",FALSE
"White",NA,"json-against-humanity/src/Base","Friendly fire.","Friendly fire.",FALSE
"White",NA,"json-against-humanity/src/Base","The Force.","The Force.",FALSE
"White",NA,"json-against-humanity/src/Base","Dry heaving.","Dry heaving.",FALSE
"White",NA,"json-against-humanity/src/Base","Natalie Portman.","Natalie Portman.",FALSE
"White",NA,"json-against-humanity/src/Base","Getting drunk on mouthwash.","Getting drunk on mouthwash.",FALSE
"Black","Dear Abby,  I'm having some trouble with _ and would like your advice.","json-against-humanity/src/Base",NA,"Dear Abby,  I'm having some trouble with _ and would like your advice.",FALSE
"Black","What's Teach for America using to inspire inner city students to succeed?","json-against-humanity/src/Base",NA,"What's Teach for America using to inspire inner city students to succeed?",FALSE
"White",NA,"json-against-humanity/src/Base","An oversized lollipop.","An oversized lollipop.",FALSE
"White",NA,"json-against-humanity/src/Base","The Chinese gymnastics team.","The Chinese gymnastics team.",FALSE
"White",NA,"json-against-humanity/src/Base","Grandma.","Grandma.",FALSE
"Black","Why do I hurt all over?","json-against-humanity/src/Base",NA,"Why do I hurt all over?",FALSE
"White",NA,"json-against-humanity/src/Base","Shiny objects.","Shiny objects.",FALSE
"White",NA,"json-against-humanity/src/Base","Classist undertones.","Classist undertones.",FALSE
"White",NA,"json-against-humanity/src/Base","Emotions.","Emotions.",FALSE
"White",NA,"json-against-humanity/src/Base","Vikings.","Vikings.",FALSE
"Black","For my next trick, I will pull _ out of _.","json-against-humanity/src/Base",NA,"For my next trick, I will pull _ out of _.",FALSE
"White",NA,"json-against-humanity/src/Base","A falcon with a cap on its head.","A falcon with a cap on its head.",FALSE
"Black","What's the new fad diet?","json-against-humanity/src/Base",NA,"What's the new fad diet?",FALSE
"White",NA,"json-against-humanity/src/Base","Famine.","Famine.",FALSE
"White",NA,"json-against-humanity/src/Base","Stalin.","Stalin.",FALSE
"White",NA,"json-against-humanity/src/Base","Crippling debt.","Crippling debt.",FALSE
"White",NA,"json-against-humanity/src/Base","A mime having a stroke.","A mime having a stroke.",FALSE
"White",NA,"json-against-humanity/src/Base","A bucket of fish heads.","A bucket of fish heads.",FALSE
"White",NA,"json-against-humanity/src/Base","Dropping a chandelier on your enemies and riding the rope up.","Dropping a chandelier on your enemies and riding the rope up.",FALSE
"White",NA,"json-against-humanity/src/Base","A time travel paradox.","A time travel paradox.",FALSE
"White",NA,"json-against-humanity/src/Base","Sunshine and rainbows.","Sunshine and rainbows.",FALSE
"White",NA,"json-against-humanity/src/Base","Keanu Reeves.","Keanu Reeves.",FALSE
"Black","When I am the President of the United States, I will create the Department of _.","json-against-humanity/src/Base",NA,"When I am the President of the United States, I will create the Department of _.",FALSE
"White",NA,"json-against-humanity/src/Base","Britney Spears at 55.","Britney Spears at 55.",FALSE
"White",NA,"json-against-humanity/src/Base","Actually taking candy from a baby.","Actually taking candy from a baby.",FALSE
"Black","Step 1: _. Step 2: _. Step 3: Profit.","json-against-humanity/src/Base",NA,"Step 1: _. Step 2: _. Step 3: Profit.",FALSE
"White",NA,"json-against-humanity/src/Base","Sean Connery.","Sean Connery.",FALSE
"Black","_: Good to the last drop.","json-against-humanity/src/Base",NA,"_: Good to the last drop.",FALSE
"Black","What's the next Happy Meal® toy?","json-against-humanity/src/Base",NA,"What's the next Happy Meal® toy?",FALSE
"Black","What would grandma find disturbing, yet oddly charming?","json-against-humanity/src/Base",NA,"What would grandma find disturbing, yet oddly charming?",FALSE
"White",NA,"json-against-humanity/src/Base","A spastic nerd.","A spastic nerd.",FALSE
"White",NA,"json-against-humanity/src/Base","Spontaneous human combustion.","Spontaneous human combustion.",FALSE
"White",NA,"json-against-humanity/src/Base","Swooping.","Swooping.",FALSE
"Black","_ is a slippery slope that leads to _.","json-against-humanity/src/Base",NA,"_ is a slippery slope that leads to _.",FALSE
"White",NA,"json-against-humanity/src/Base","The World of Warcraft.","The World of Warcraft.",FALSE
"Black","In a world ravaged by _, our only solace is _.","json-against-humanity/src/Base",NA,"In a world ravaged by _, our only solace is _.",FALSE
"White",NA,"json-against-humanity/src/Base","Public ridicule.","Public ridicule.",FALSE
"Black","Coming to Broadway this season, _: The Musical.","json-against-humanity/src/Base",NA,"Coming to Broadway this season, _: The Musical.",FALSE
"White",NA,"json-against-humanity/src/Base","A monkey smoking a cigar.","A monkey smoking a cigar.",FALSE
"White",NA,"json-against-humanity/src/Base","Being rich.","Being rich.",FALSE
"White",NA,"json-against-humanity/src/Base","Hope.","Hope.",FALSE
"White",NA,"json-against-humanity/src/Base","Cards Against Humanity.","Cards Against Humanity.",FALSE
"White",NA,"json-against-humanity/src/Base","Finger painting.","Finger painting.",FALSE
"Black","MTV's new reality show features eight washed-up celebrities living with _.","json-against-humanity/src/Base",NA,"MTV's new reality show features eight washed-up celebrities living with _.",FALSE
"White",NA,"json-against-humanity/src/Base","Children on leashes.","Children on leashes.",FALSE
"White",NA,"json-against-humanity/src/Base","A micropig wearing a tiny raincoat and booties.","A micropig wearing a tiny raincoat and booties.",FALSE
"White",NA,"json-against-humanity/src/Base","Tangled Slinkys.","Tangled Slinkys.",FALSE
"White",NA,"json-against-humanity/src/Base","The Underground Railroad.","The Underground Railroad.",FALSE
"White",NA,"json-against-humanity/src/Base","Me time.","Me time.",FALSE
"Black","Next on ESPN2, the World Series of _.","json-against-humanity/src/Base",NA,"Next on ESPN2, the World Series of _.",FALSE
"White",NA,"json-against-humanity/src/Base","The light of a billion suns.","The light of a billion suns.",FALSE
"Black","In M. Night Shyamalan's new movie, Bruce Willis discovers that _ had really been _ all along.","json-against-humanity/src/Base",NA,"In M. Night Shyamalan's new movie, Bruce Willis discovers that _ had really been _ all along.",FALSE
"White",NA,"json-against-humanity/src/Base","Tickling Sean Hannity, even after he tells you to stop.","Tickling Sean Hannity, even after he tells you to stop.",FALSE
"White",NA,"json-against-humanity/src/Base","Vigorous jazz hands.","Vigorous jazz hands.",FALSE
"White",NA,"json-against-humanity/src/Base","Figgy pudding.","Figgy pudding.",FALSE
"Black","After the earthquake, Sean Penn brought _ to the people of Haiti.","json-against-humanity/src/Base",NA,"After the earthquake, Sean Penn brought _ to the people of Haiti.",FALSE
"White",NA,"json-against-humanity/src/Base","The true meaning of Christmas.","The true meaning of Christmas.",FALSE
"White",NA,"json-against-humanity/src/Base","Crystal meth.","Crystal meth.",FALSE
"White",NA,"json-against-humanity/src/Base","World peace.","World peace.",FALSE
"White",NA,"json-against-humanity/src/Base","Inappropriate yodeling.","Inappropriate yodeling.",FALSE
"White",NA,"json-against-humanity/src/Base","Republicans.","Republicans.",FALSE
"White",NA,"json-against-humanity/src/Base","Guys who don't call.","Guys who don't call.",FALSE
"Black","I never truly understood _ until I encountered _.","json-against-humanity/src/Base",NA,"I never truly understood _ until I encountered _.",FALSE
"White",NA,"json-against-humanity/src/Base","Passive-aggressive Post-it notes.","Passive-aggressive Post-it notes.",FALSE
"White",NA,"json-against-humanity/src/Base","Bees?","Bees?",FALSE
"White",NA,"json-against-humanity/src/Base","The Dance of the Sugar Plum Fairy.","The Dance of the Sugar Plum Fairy.",FALSE
"White",NA,"json-against-humanity/src/Base","The Little Engine That Could.","The Little Engine That Could.",FALSE
"White",NA,"json-against-humanity/src/Base","Giving 110%.","Giving 110%.",FALSE
"White",NA,"json-against-humanity/src/Base","The Hustle.","The Hustle.",FALSE
"Black","Major League Baseball has banned _ for giving players an unfair advantage.","json-against-humanity/src/Base",NA,"Major League Baseball has banned _ for giving players an unfair advantage.",FALSE
"White",NA,"json-against-humanity/src/Base","Take-backsies.","Take-backsies.",FALSE
"White",NA,"json-against-humanity/src/Base","A balanced breakfast.","A balanced breakfast.",FALSE
"White",NA,"json-against-humanity/src/Base","My soul.","My soul.",FALSE
"White",NA,"json-against-humanity/src/Base","Yeast.","Yeast.",FALSE
"White",NA,"json-against-humanity/src/Base","Cheating in the Special Olympics.","Cheating in the Special Olympics.",FALSE
"White",NA,"json-against-humanity/src/Base","Breaking out into song and dance.","Breaking out into song and dance.",FALSE
"White",NA,"json-against-humanity/src/Base","Embryonic stem cells.","Embryonic stem cells.",FALSE
"White",NA,"json-against-humanity/src/Base","Hot cheese.","Hot cheese.",FALSE
"White",NA,"json-against-humanity/src/Base","RoboCop.","RoboCop.",FALSE
"White",NA,"json-against-humanity/src/Base","Women in yogurt commercials.","Women in yogurt commercials.",FALSE
"White",NA,"json-against-humanity/src/Base","Opposable thumbs.","Opposable thumbs.",FALSE
"White",NA,"json-against-humanity/src/Base","Goblins.","Goblins.",FALSE
"White",NA,"json-against-humanity/src/Base","An M. Night Shyamalan plot twist.","An M. Night Shyamalan plot twist.",FALSE
"White",NA,"json-against-humanity/src/Base","Saxophone solos.","Saxophone solos.",FALSE
"White",NA,"json-against-humanity/src/Base","Mr. Clean, right behind you.","Mr. Clean, right behind you.",FALSE
"White",NA,"json-against-humanity/src/Base","AXE Body Spray.","AXE Body Spray.",FALSE
"Black","What did Vin Diesel eat for dinner?","json-against-humanity/src/Base",NA,"What did Vin Diesel eat for dinner?",FALSE
"Black","I do not know with which weapons World War III will be fought, but World War IV will be fought with _.","json-against-humanity/src/Base",NA,"I do not know with which weapons World War III will be fought, but World War IV will be fought with _.",FALSE
"White",NA,"json-against-humanity/src/Base","Parting the Red Sea.","Parting the Red Sea.",FALSE
"White",NA,"json-against-humanity/src/Base","Skeletor.","Skeletor.",FALSE
"Black","What's there a ton of in heaven?","json-against-humanity/src/Base",NA,"What's there a ton of in heaven?",FALSE
"White",NA,"json-against-humanity/src/Base","Former President George W. Bush.","Former President George W. Bush.",FALSE
"White",NA,"json-against-humanity/src/Base","Shapeshifters.","Shapeshifters.",FALSE
"White",NA,"json-against-humanity/src/Base","Arnold Schwarzenegger.","Arnold Schwarzenegger.",FALSE
"Black","And the Academy Award for _ goes to _.","json-against-humanity/src/Base",NA,"And the Academy Award for _ goes to _.",FALSE
"White",NA,"json-against-humanity/src/Base","Being fabulous.","Being fabulous.",FALSE
"Black","The Smithsonian Museum of Natural History has just opened an exhibit on _.","json-against-humanity/src/Base",NA,"The Smithsonian Museum of Natural History has just opened an exhibit on _.",FALSE
"Black","Why am I sticky?","json-against-humanity/src/Base",NA,"Why am I sticky?",FALSE
"Black","What never fails to liven up the party?","json-against-humanity/src/Base",NA,"What never fails to liven up the party?",FALSE
"White",NA,"json-against-humanity/src/Base","Lunchablesâ„¢.","Lunchablesâ„¢.",FALSE
"White",NA,"json-against-humanity/src/Base","Robert Downey, Jr.","Robert Downey, Jr.",FALSE
"White",NA,"json-against-humanity/src/Base","Racism.","Racism.",FALSE
"White",NA,"json-against-humanity/src/Base","Boogers.","Boogers.",FALSE
"White",NA,"json-against-humanity/src/Base","A pyramid of severed heads.","A pyramid of severed heads.",FALSE
"White",NA,"json-against-humanity/src/Base","Repression.","Repression.",FALSE
"White",NA,"json-against-humanity/src/Base","Sean Penn.","Sean Penn.",FALSE
"White",NA,"json-against-humanity/src/Base","Agriculture.","Agriculture.",FALSE
"White",NA,"json-against-humanity/src/Base","Unfathomable stupidity.","Unfathomable stupidity.",FALSE
"White",NA,"json-against-humanity/src/Base","Synergistic management solutions.","Synergistic management solutions.",FALSE
"Black","What's my anti-drug?","json-against-humanity/src/Base",NA,"What's my anti-drug?",FALSE
"White",NA,"json-against-humanity/src/Base","Hurricane Katrina.","Hurricane Katrina.",FALSE
"Black","Rumor has it that Vladimir Putin's favorite delicacy is _ stuffed with _.","json-against-humanity/src/Base",NA,"Rumor has it that Vladimir Putin's favorite delicacy is _ stuffed with _.",FALSE
"Black","The class field trip was completely ruined by _.","json-against-humanity/src/Base",NA,"The class field trip was completely ruined by _.",FALSE
"White",NA,"json-against-humanity/src/Base","Sarah Palin.","Sarah Palin.",FALSE
"White",NA,"json-against-humanity/src/Base","A middle-aged man on roller skates.","A middle-aged man on roller skates.",FALSE
"Black","_. Betcha can't have just one!","json-against-humanity/src/Base",NA,"_. Betcha can't have just one!",FALSE
"Black","Why You Miss those Casual _ So Much ","custom",NA,"Why You Miss those Casual _ So Much ",FALSE
"Black","Can you report on the effect of _ on _ at the 3 PM meeting?","custom",NA,"Can you report on the effect of _ on _ at the 3 PM meeting?",FALSE
"Black","Get the _ you need to solve your toughest work problems with these immersive sets of _ from Harvard Business School.","custom",NA,"Get the _ you need to solve your toughest work problems with these immersive sets of _ from Harvard Business School.",FALSE
"Black","How can you expand your _ into new markets without undermining your _?","custom",NA,"How can you expand your _ into new markets without undermining your _?",FALSE
"Black","_: How can companies begin to work with this _ technology?","custom",NA,"_: How can companies begin to work with this _ technology?",FALSE
"Black","How can you achieve _ as the leader of a team that is scattered across the globe?","custom",NA,"How can you achieve _ as the leader of a team that is scattered across the globe?",FALSE
"Black","Creating a Culture of _: Good _ aren't enough. You need a total change in attitude.","custom",NA,"Creating a Culture of _: Good _ aren't enough. You need a total change in attitude.",FALSE
"Black","When _ creates competitive advantages and when it doesn't.","custom",NA,"When _ creates competitive advantages and when it doesn't.",FALSE
"Black","The _-Powered Organization: The main challenge isn't technology. It's _.","custom",NA,"The _-Powered Organization: The main challenge isn't technology. It's _.",FALSE
"Black","The Age of Continuous _: When you can interact with your customers 24/7, you need new _.","custom",NA,"The Age of Continuous _: When you can interact with your customers 24/7, you need new _.",FALSE
"Black","The Chief _ Officer is the epitome of leadership. Yet surprisingly little is known about this unique role.","custom",NA,"The Chief _ Officer is the epitome of leadership. Yet surprisingly little is known about this unique role.",FALSE
"Black","""It will be a big footprint in our marketing"": _ is pouring money into _.","custom",NA,"""It will be a big footprint in our marketing"": _ is pouring money into _.",FALSE
"Black","How Google is adapting its _ strategy","custom",NA,"How Google is adapting its _ strategy",FALSE
"Black","_ is running its first Superbowl commercial as _ is having a moment","custom",NA,"_ is running its first Superbowl commercial as _ is having a moment",FALSE
"Black","When Losing Your _ Feels Like Losing Your Self","custom",NA,"When Losing Your _ Feels Like Losing Your Self",FALSE
"Black","Another Workplace Crisis: _","custom",NA,"Another Workplace Crisis: _",FALSE
"Black","Why _ Is a C-Suite Issue","custom",NA,"Why _ Is a C-Suite Issue",FALSE
"Black","Research: _ Rising Faster for Women and People of Color","custom",NA,"Research: _ Rising Faster for Women and People of Color",FALSE
"Black","Why Every Organization Needs _ Strategy","custom",NA,"Why Every Organization Needs _ Strategy",FALSE
"Black","Could Your _ Derail Your Career?","custom",NA,"Could Your _ Derail Your Career?",FALSE
"Black","Making _ Mobile and Connected: An Interview with Jeff Bezos ","custom",NA,"Making _ Mobile and Connected: An Interview with Jeff Bezos ",FALSE
"Black","10 Trends for the Board of 2020: The Future of _","custom",NA,"10 Trends for the Board of 2020: The Future of _",FALSE
"Black","8 Reasons that _ Will Change Management ","custom",NA,"8 Reasons that _ Will Change Management ",FALSE
"Black","Starbucks CEO Kevin Johnson on Work, Joy, and, Yes, _","custom",NA,"Starbucks CEO Kevin Johnson on Work, Joy, and, Yes, _",FALSE
"Black","How Spotify Balances Employee Accountability and _","custom",NA,"How Spotify Balances Employee Accountability and _",FALSE
"Black","Legal alternative to _? Spotify: The Challenges of an Online Music Service","custom",NA,"Legal alternative to _? Spotify: The Challenges of an Online Music Service",FALSE
"Black","HBR _: A weekly podcast featuring the leading thinkers in _","custom",NA,"HBR _: A weekly podcast featuring the leading thinkers in _",FALSE
"Black","What is Strategy?","custom",NA,"What is Strategy?",FALSE
"Black","What Happened at Enron?","custom",NA,"What Happened at Enron?",FALSE
"Black","Harvard Business Review readers have power, influence, and _","custom",NA,"Harvard Business Review readers have power, influence, and _",FALSE
"Black","How _ is accelerating _","custom",NA,"How _ is accelerating _",FALSE
"Black","News publishers tap into live streaming _ on YouTube","custom",NA,"News publishers tap into live streaming _ on YouTube",FALSE
"Black","Guide: Leveraging _ for authentic brand messaging","custom",NA,"Guide: Leveraging _ for authentic brand messaging",FALSE
"Black","Marketers are in a recession? Now what?","custom",NA,"Marketers are in a recession? Now what?",FALSE
"Black","YouTube's latest brand suitability targeting updates could cost content creators _","custom",NA,"YouTube's latest brand suitability targeting updates could cost content creators _",FALSE
"Black","How Google is trying to woo _ away from Amazon","custom",NA,"How Google is trying to woo _ away from Amazon",FALSE
"Black","What would I do if I weren't afraid?","custom",NA,"What would I do if I weren't afraid?",FALSE
"Black","Facebook COO Sheryl Sandberg: ""In the future, there will be no_. There will just be _.""","custom",NA,"Facebook COO Sheryl Sandberg: ""In the future, there will be no_. There will just be _.""",FALSE
"Black","As a result of the pilot pulse survey, John has convened a new _ task force","custom",NA,"As a result of the pilot pulse survey, John has convened a new _ task force",FALSE
"Black","What's driving people to the site?","custom",NA,"What's driving people to the site?",FALSE
"Black","Who is your primary customer?","custom",NA,"Who is your primary customer?",FALSE
"Black","How are you generating creative tension?","custom",NA,"How are you generating creative tension?",FALSE
"Black","What strategic uncertainties keep you awake at night?","custom",NA,"What strategic uncertainties keep you awake at night?",FALSE
"Black","The crisis prompted the new CEO to make a tough decision: ""The new boss at McDonald's is _,"" they announced.","custom",NA,"The crisis prompted the new CEO to make a tough decision: ""The new boss at McDonald's is _,"" they announced.",FALSE
"Black","Bill Gates on how to fight future pandemics: ""_""'","custom",NA,"Bill Gates on how to fight future pandemics: ""_""'",FALSE
"Black","What part of your shelter-in-place residence have you come to appreciate the most?","custom",NA,"What part of your shelter-in-place residence have you come to appreciate the most?",FALSE
"Black","What's giving you hope right now?","custom",NA,"What's giving you hope right now?",FALSE
"Black","Do we want our leaders to stay strong in a crisis, or do we want _?","custom",NA,"Do we want our leaders to stay strong in a crisis, or do we want _?",FALSE
"Black","Much of of an executives workday is spent asking others for _.","custom",NA,"Much of of an executives workday is spent asking others for _.",FALSE
"Black","_ is a uniquely powerful tool for unlocking value in organizations.","custom",NA,"_ is a uniquely powerful tool for unlocking value in organizations.",FALSE
"Black","""Be _,""  Dale Carnegie advised in his 1936 classic How to Win Friends and Influence People.","custom",NA,"""Be _,""  Dale Carnegie advised in his 1936 classic How to Win Friends and Influence People.",FALSE
"Black","Albert Einstein: ""If I were given one hour to save the planet, I would spend 59 minutes defining the problem and one minute _.""","custom",NA,"Albert Einstein: ""If I were given one hour to save the planet, I would spend 59 minutes defining the problem and one minute _.""",FALSE
"Black","You're out of free _ for this month. Sign in or create a new account for more.","custom",NA,"You're out of free _ for this month. Sign in or create a new account for more.",FALSE
"Black","I agree to receive _ from HBR. I may unsubscribe at any time.","custom",NA,"I agree to receive _ from HBR. I may unsubscribe at any time.",FALSE
"Black","I'm a subscriber. Why can't I access subscriber only content?","custom",NA,"I'm a subscriber. Why can't I access subscriber only content?",FALSE
"Black","What's included in each of the subscription tiers?","custom",NA,"What's included in each of the subscription tiers?",FALSE
"Black","How do I access the HBR mobile app?","custom",NA,"How do I access the HBR mobile app?",FALSE
"Black","Miro lands $50M Series B for _ as demand surges","custom",NA,"Miro lands $50M Series B for _ as demand surges",FALSE
"Black","Facebook pulls ""_"" from its list of targeted ad categories","custom",NA,"Facebook pulls ""_"" from its list of targeted ad categories",FALSE
"White",NA,"custom","A wholly-owned nonprofit subsidiary of the Harvard Business School.","A wholly-owned nonprofit subsidiary of the Harvard Business School.",FALSE
"White",NA,"custom","Speaking at TechCrunch Disrupt.","Speaking at TechCrunch Disrupt.",FALSE
"White",NA,"custom","A 30-minute subscription to the New York Times.","A 30-minute subscription to the New York Times.",FALSE
"White",NA,"custom","A lifetime subscription to the Economist.","A lifetime subscription to the Economist.",FALSE
"White",NA,"custom","A Theranos IPO.","A Theranos IPO.",FALSE
"White",NA,"custom","Unsubscribing to an email newsletter.","Unsubscribing to an email newsletter.",FALSE
"White",NA,"custom","Micro-podcasts.","Micro-podcasts.",FALSE
"White",NA,"custom","A $1.2 billion fine for GDPR violations.","A $1.2 billion fine for GDPR violations.",FALSE
"White",NA,"custom","Conducting an entire video meeting on mute.","Conducting an entire video meeting on mute.",FALSE
"White",NA,"custom","White collar crimes.","White collar crimes.",FALSE
"White",NA,"custom","A college admission bribery scandal.","A college admission bribery scandal.",FALSE
"White",NA,"custom","Attribution modeling.","Attribution modeling.",FALSE
"White",NA,"custom","A 42% bounce rate.","A 42% bounce rate.",FALSE
"White",NA,"custom","A 3% conversion rate.","A 3% conversion rate.",FALSE
"White",NA,"custom","Cookies.","Cookies.",FALSE
"White",NA,"custom","Tableau.","Tableau.",FALSE
"White",NA,"custom","Spotify.","Spotify.",FALSE
"White",NA,"custom","Jira.","Jira.",FALSE
"White",NA,"custom","Motivating employees.","Motivating employees.",FALSE
"White",NA,"custom","Adobe.","Adobe.",FALSE
"White",NA,"custom","Agile accounting practices.","Agile accounting practices.",FALSE
"White",NA,"custom","Subscribing to an email newsletter.","Subscribing to an email newsletter.",FALSE
"White",NA,"custom","Managing older workers.","Managing older workers.",FALSE
"White",NA,"custom","Personal rebranding.","Personal rebranding.",FALSE
"White",NA,"custom","Statistical significance.","Statistical significance.",FALSE
"White",NA,"custom","Disruption.","Disruption.",FALSE
"White",NA,"custom","A shocking lack of demand.","A shocking lack of demand.",FALSE
"White",NA,"custom","Teamwork.","Teamwork.",FALSE
"White",NA,"custom","AR dashboards.","AR dashboards.",FALSE
"White",NA,"custom","A best-in-class goat video conferencing platform.","A best-in-class goat video conferencing platform.",FALSE
"White",NA,"custom","The greatest retail expansion in the history of the world","The greatest retail expansion in the history of the world",FALSE
"White",NA,"custom","Franchising.","Franchising.",FALSE
"White",NA,"custom","Profound implications.","Profound implications.",FALSE
"White",NA,"custom","Artificial emotional intelligence.","Artificial emotional intelligence.",FALSE
"White",NA,"custom","Emotional intelligence.","Emotional intelligence.",FALSE
"White",NA,"custom","Artificial intelligence.","Artificial intelligence.",FALSE
"White",NA,"custom","Pinching and scrolling.","Pinching and scrolling.",FALSE
"White",NA,"custom","12 gigabytes of quarterly e-books.","12 gigabytes of quarterly e-books.",FALSE
"White",NA,"custom","Lifetime customer value.","Lifetime customer value.",FALSE
"White",NA,"custom","Millennials.","Millennials.",FALSE
"White",NA,"custom","CarPlay-equipped radios for vintage Porsches.","CarPlay-equipped radios for vintage Porsches.",FALSE
"White",NA,"custom","A fintech startup.","A fintech startup.",FALSE
"White",NA,"custom","The heir to the Hot Pockets fortune.","The heir to the Hot Pockets fortune.",FALSE
"White",NA,"custom","Hundreds of thousands of pieces of misinformation related to COVID-19.","Hundreds of thousands of pieces of misinformation related to COVID-19.",FALSE
"White",NA,"custom","A German research institute.","A German research institute.",FALSE
"White",NA,"custom","Revamping the user interface.","Revamping the user interface.",FALSE
"White",NA,"custom","Elon Musk.","Elon Musk.",FALSE
"White",NA,"custom","A food delivery startup.","A food delivery startup.",FALSE
"White",NA,"custom","Medical plans for pets.","Medical plans for pets.",FALSE
"White",NA,"custom","5G conspiracy theorists.","5G conspiracy theorists.",FALSE
"White",NA,"custom","Blockchain for Uber.","Blockchain for Uber.",FALSE
"White",NA,"custom","Uber for blockchain.","Uber for blockchain.",FALSE
"White",NA,"custom","Clearing your cookies.","Clearing your cookies.",FALSE
"White",NA,"custom","Face to face interactions.","Face to face interactions.",FALSE
"White",NA,"custom","Cubicles.","Cubicles.",FALSE
"White",NA,"custom","Sparking joy.","Sparking joy.",FALSE
